  Parcel Number ,  Bedrooms ,  Appraised Value ,  Sales Price ,  Sales Date ,  Baths (Full) ,  Year Built (Res) 
14 001600270184,1,180900,1,8/7/2020,1,2000
12 242606160177,1,122600,165000,8/3/2020,1,1984
17 0099 LL1658,1,324100,248450,7/30/2020,1,2006
17 004800030872,1,272500,315000,7/28/2020,2,2006
17 007100092310,1,125000,114000,7/28/2020,1,1986
14 005000150995,1,231800,243500,7/28/2020,1,1974
17 009500080242,1,134400,104000,7/28/2020,2,1965
17 007100092237,1,125000,108600,7/28/2020,1,1986
14 004600061967,1,238400,235000,7/28/2020,1,2007
14 008000031462,1,275500,258000,7/27/2020,1,2002
14 022000060272,1,101200,0,7/27/2020,1,1960
17 005500061208,1,262000,286000,7/24/2020,1,2004
17 009900072781,1,249800,275000,7/24/2020,1,2004
14 004900081764,1,156200,200000,7/24/2020,1,1965
14 004900342885,1,190400,188800,7/24/2020,1,1927
14 001600041130,1,189600,240000,7/24/2020,1,1910
17 010000041767,1,428000,442000,7/24/2020,2,2007
14 0108 LL2389,1,102600,117000,7/24/2020,1,2007
17 010600068889,1,174700,245000,7/24/2020,1,1923
14 008700020815,1,55600,0,7/24/2020,1,1920
17 018600013888,1,76000,104500,7/24/2020,1,1971
17 010800082599,1,145600,161800,7/24/2020,1,1989
17 004500011255,1,250100,258000,7/23/2020,1,2006
14 005500141437,1,190900,198000,7/23/2020,1,2006
14F0046 LL0127,1,130000,0,7/23/2020,1,1935
17 000800101028,1,160600,157500,7/22/2020,1,1980
17 010800012950,1,238700,241710,7/22/2020,1,2005
14 005000150433,1,190600,0,7/22/2020,1,1974
14 005000150433,1,190600,0,7/22/2020,1,1974
17 0148 LL0776,1,165200,161000,7/22/2020,1,2004
14 004100070153,1,142300,0,7/22/2020,1,1948
17 0062 LL1891,1,297100,285000,7/21/2020,1,2004
17 0148 LL0966,1,150400,0,7/21/2020,1,2004
17 010600310612,1,228900,0,7/21/2020,1,1996
17 010600068830,1,137700,137000,7/21/2020,1,1923
14 004900012645,1,362100,365000,7/21/2020,1,2005
17 0062 LL6577,1,244000,267000,7/21/2020,1,2005
14 004900330013,1,358000,455000,7/21/2020,1,2000
17 010700064465,1,284000,280000,7/21/2020,1,2006
17 0006 LL2997,1,164000,162500,7/21/2020,1,1988
14 001600120280,1,247400,233000,7/20/2020,1,1925
12 248006891063,1,306200,319900,7/20/2020,1,2019
17 0148 LL0966,1,150400,190000,7/20/2020,1,2004
14 007900135217,1,231700,240000,7/20/2020,1,2007
17 009800170115,1,132000,135000,7/20/2020,1,1963
14 008500020585,1,270100,0,7/20/2020,1,1997
14F0077 LL0764,1,102900,10,7/18/2020,1,1959
14 001800130337,1,402700,1350000,7/17/2020,2,2000
17 0102 LL2065,1,0,692096,7/17/2020,1,2019
14 011000082709,1,89000,75000,7/17/2020,1,2007
17 010600083375,1,250900,225000,7/17/2020,1,2003
14 013700030475,1,147300,362000,7/17/2020,1,1930
14 008500150143,1,226800,253000,7/17/2020,1,1940
17 0167 LL0285,1,3750000,4240000,7/17/2020,1,2015
14 004900310148,1,390000,293000,7/17/2020,2,1961
17 0148 LL4877,1,195500,192000,7/17/2020,1,2006
17 000600012946,1,151900,0,7/17/2020,1,1994
17 000600012946,1,151900,150000,7/17/2020,1,1994
14 004900260020,1,219200,269000,7/17/2020,1,1970
14 001600270200,1,169700,172000,7/17/2020,1,2000
17 010800083019,1,145600,154900,7/16/2020,1,1989
17 0102 LL1984,1,0,663904,7/16/2020,1,2019
14 001900101741,1,301800,390000,7/16/2020,1,1925
17 0062 LL5587,1,279300,260000,7/16/2020,1,2005
17 010600341229,1,240200,274000,7/15/2020,1,2005
17 019400051409,1,148200,177000,7/15/2020,1,1968
17 011100140228,1,179000,199999,7/15/2020,1,1938
17 009900073359,1,249800,0,7/15/2020,1,2004
14 007800122083,1,237900,0,7/15/2020,1,1913
14 001600041072,1,182400,230000,7/15/2020,1,1910
14 008400041616,1,207500,202000,7/15/2020,1,2008
17 018600014316,1,136100,141000,7/15/2020,1,1970
17 010800085022,1,158500,243500,7/15/2020,1,1989
17 004800030609,1,214700,182500,7/15/2020,1,2006
17 000100110349,1,219400,221500,7/15/2020,1,1920
17 000900042874,1,234800,240000,7/15/2020,1,1990
14 004900025613,1,385900,455000,7/13/2020,1,2008
17 0006 LL3433,1,164000,150000,7/13/2020,1,1988
17 023300010036,1,2075000,2995000,7/13/2020,1,2000
17 010700063095,1,284000,280000,7/13/2020,1,2006
14 001900050898,1,368100,405000,7/13/2020,1,2004
17 022300050158,1,316000,0,7/13/2020,1,1920
17 022300050158,1,316000,270000,7/13/2020,1,1920
14 004900012066,1,275100,344500,7/13/2020,1,1951
14 004600062353,1,238400,244000,7/13/2020,1,2007
14 004800350038,1,143300,170000,7/10/2020,1,1940
14 001900102087,1,293500,335000,7/10/2020,1,1925
14 0019 LL1777,1,326700,310000,7/10/2020,1,2007
14 007800142164,1,142500,152726,7/10/2020,1,1962
17 006100091702,1,246300,239000,7/10/2020,1,2004
17 000100160062,1,234700,260000,7/10/2020,1,1930
17 022600030140,1,114300,69065,7/10/2020,1,1940
17 0035 LL1754,1,133900,152000,7/10/2020,1,1989
17 009700011997,1,152000,171000,7/10/2020,1,1989
17 000900031406,1,265000,1,7/10/2020,1,2008
17 006200021443,1,259500,250000,7/10/2020,1,1997
17 010600350709,1,326000,350000,7/9/2020,1,2008
14 024300030492,1,104600,24500,7/9/2020,1,1940
17 006200022433,1,240300,100,7/9/2020,1,1997
14 008900010095,1,200100,0,7/9/2020,1,1900
14 008900010095,1,200100,220000,7/9/2020,1,1900
14 008900010095,1,200100,0,7/9/2020,1,1900
17 010600151073,1,245000,250000,7/9/2020,1,1972
12 202504210680,1,122700,137000,7/9/2020,1,1979
17 010600085495,1,871600,750000,7/9/2020,1,2003
17 018600012559,1,103500,115500,7/8/2020,1,1971
14 004800330105,1,166400,181000,7/8/2020,1,1961
17 0236 LL1686,1,145500,160000,7/8/2020,1,1991
17 0148 LL3564,1,184300,187000,7/8/2020,1,2005
14 001400091434,1,653300,1235000,7/7/2020,1,2019
14 001400081336,1,203800,225000,7/7/2020,1,1957
17 010600065265,1,250300,250000,7/7/2020,1,1999
14 004900330492,1,353800,370000,7/7/2020,1,2000
17 0148 LL7060,1,184700,195000,7/7/2020,1,2007
14F006400010049,1,180900,120000,7/7/2020,1,1950
17 011000140153,1,233400,241500,7/7/2020,1,1920
14 001900101857,1,307600,10,7/7/2020,1,1925
17 005600130499,1,1223500,1301500,7/7/2020,1,1945
13 009300020488,1,18500,10000,7/7/2020,1,1970
14 0108 LL0714,1,102600,117000,7/6/2020,1,2006
14 009700080452,1,190000,10,7/6/2020,1,1920
14 005700020456,1,63900,15653,7/6/2020,1,1920
14 007800142560,1,125900,101000,7/6/2020,1,1962
14 001900102129,1,293500,331500,7/6/2020,1,1925
14 001800102393,1,251700,276000,7/6/2020,1,2001
17 0006 LL3037,1,155000,135000,7/2/2020,1,1988
17 0102 LL2149,1,0,707746,7/2/2020,1,2019
14 007900134186,1,258100,10,7/2/2020,1,2007
17 0034 LL2670,1,337800,410000,7/2/2020,2,2018
17 009500130369,1,130700,135000,7/2/2020,1,1987
14 0045 LL0728,1,306200,317000,7/2/2020,1,2006
17 0148 LL6997,1,184700,188000,7/2/2020,1,2007
17 010600311875,1,249300,253638,7/2/2020,1,1996
17 0016 LL2268,1,292500,290000,7/2/2020,1,2004
17 0035 LL1325,1,124200,135000,7/2/2020,1,1989
17 010600084506,1,253700,259000,7/2/2020,1,2003
14 001200091527,1,283400,272000,7/2/2020,1,2002
14 008400101436,1,288100,297500,7/2/2020,1,1925
17 010900040059,1,893900,895000,7/2/2020,1,1935
14 004800350129,1,149000,161000,7/1/2020,1,1940
14 001800090374,1,264800,279000,7/1/2020,1,2004
14 001400101159,1,241800,259900,7/1/2020,1,2006
17 000600012706,1,142700,155000,7/1/2020,1,1994
14 0045 LL1247,1,288100,292000,7/1/2020,1,2006
14 015100090256,2,91200,0,8/5/2020,2,1983
14 016300110167,2,18000,115000,8/5/2020,1,1930
12 145001820479,2,307900,335000,8/3/2020,2,2001
14 017000010715,2,124100,425000,8/3/2020,1,1948
14 015100010213,2,94900,10,8/3/2020,1,1945
12 200104250841,2,179900,750000,8/3/2020,1,1960
12 200104250841,2,179900,0,8/3/2020,1,1960
14 013800050134,2,88200,330750,7/31/2020,1,1948
14 017500030395,2,80600,180000,7/31/2020,1,1950
12 154002493492,2,299200,338000,7/30/2020,2,2006
22 512011212345,2,212700,242000,7/30/2020,2,2001
14 023700040366,2,80700,0,7/30/2020,1,1930
14 013800060034,2,314700,351000,7/30/2020,1,1947
14 013800050415,2,66600,325000,7/30/2020,1,1948
14 013200040362,2,160400,189900,7/30/2020,1,1949
14 001000030212,2,296800,340000,7/30/2020,1,1925
12 189704100037,2,234600,0,7/30/2020,2,1987
14 005700200157,2,105900,0,7/29/2020,1,1920
17 010800011358,2,348400,0,7/29/2020,2,2003
17 000200140113,2,425800,542000,7/29/2020,2,1984
14 009100030495,2,87500,115000,7/29/2020,1,1953
13 009200040040,2,76900,85000,7/28/2020,1,1954
17 0034 LL2480,2,277400,0,7/28/2020,2,2017
17 000800160610,2,239500,247000,7/28/2020,2,1985
14 025100050093,2,73800,160000,7/28/2020,1,1973
14 019000040288,2,89400,133000,7/28/2020,1,1948
14 013400020420,2,152100,148900,7/28/2020,1,1944
14 007900131497,2,332300,302000,7/28/2020,2,2007
14 005800030165,2,109000,245500,7/28/2020,1,1920
14 004900016331,2,298700,298700,7/28/2020,1,2005
14 001200092186,2,326400,370000,7/28/2020,2,2004
12 148301950343,2,385300,315000,7/27/2020,2,1990
17 018400061178,2,199000,240000,7/27/2020,2,1968
17 011100020578,2,265000,0,7/27/2020,1,1948
17 010600270238,2,250800,10,7/27/2020,2,1984
17 005400041250,2,210700,210700,7/27/2020,1,1950
17 000500020999,2,133000,153000,7/27/2020,1,1947
14 020700040487,2,74200,74200,7/27/2020,1,1958
14 020100060333,2,173800,70000,7/27/2020,2,1956
14 018600020138,2,83500,50000,7/27/2020,2,1955
14 015200120391,2,133100,112000,7/27/2020,1,1950
14 013700080371,2,77000,86000,7/27/2020,1,1945
14 013700080371,2,77000,75000,7/27/2020,1,1945
14 013200090110,2,134800,435900,7/27/2020,1,1940
14 009300031608,2,78200,0,7/27/2020,1,1960
14 009300010305,2,79000,182500,7/27/2020,1,1955
14 004800051677,2,167100,172000,7/27/2020,1,1965
14 004400020700,2,442800,542500,7/27/2020,2,1920
13 0031 LL2458,2,119100,113000,7/27/2020,2,2006
12 203104200253,2,131000,150000,7/24/2020,2,1980
22 511010401057,2,303400,339500,7/24/2020,2,2003
22 509009050166,2,273100,1,7/24/2020,1,1965
22 387612820204,2,302900,0,7/24/2020,2,2000
17 0252 LL0380,2,277700,284000,7/24/2020,2,2016
17 0221 LL4042,2,255500,250000,7/24/2020,2,2007
17 0221 LL3549,2,262100,245000,7/24/2020,3,2005
17 018600090076,2,274800,10,7/24/2020,2,1982
17 010900181226,2,542400,0,7/24/2020,2,2000
17 010800017561,2,345000,338000,7/24/2020,1,2009
17 010100160343,2,460000,640000,7/24/2020,2,1940
17 010100140105,2,648100,1170000,7/24/2020,1,1924
17 010100131682,2,181700,219000,7/24/2020,2,1967
17 0092 LL0855,2,149300,144000,7/24/2020,1,1976
17 0074 LL2556,2,176700,197900,7/24/2020,1,1968
17 002300021946,2,151700,145000,7/24/2020,2,1984
17 000100080328,2,500000,807000,7/24/2020,1,1918
14 017400110404,2,79200,87000,7/24/2020,1,1949
14 016300130199,2,78600,219000,7/24/2020,1,1950
14 015800060484,2,131500,179900,7/24/2020,1,1930
14 014300050178,2,84300,278000,7/24/2020,1,1930
14 014100020413,2,93400,267000,7/24/2020,1,1950
14 013700011475,2,84200,230825,7/24/2020,1,1950
14 012100031265,2,114400,185700,7/24/2020,1,1924
14 010200090314,2,135400,149900,7/24/2020,1,1955
14 008400101543,2,383800,335000,7/24/2020,1,1905
14 004900050900,2,460000,580000,7/24/2020,2,1999
14 003900050373,2,108700,145000,7/24/2020,1,1960
14 002300031892,2,281100,264000,7/24/2020,2,2005
14 001900010264,2,288800,371000,7/23/2020,1,1940
17 011100110049,2,245500,262000,7/23/2020,1,1975
17 009100011613,2,98000,100000,7/23/2020,1,1980
17 003800010355,2,203000,220000,7/23/2020,2,2000
17 000700071230,2,247400,240000,7/23/2020,2,1988
14 024200031145,2,86100,80000,7/23/2020,1,1961
14 020800100512,2,75000,113500,7/23/2020,1,1950
14 017900040549,2,47000,228000,7/23/2020,2,1950
14 015000090620,2,84900,125000,7/23/2020,1,1938
14 014100090606,2,78300,110000,7/23/2020,1,1940
14 014100090606,2,78300,268500,7/23/2020,1,1940
14 010700060387,2,265500,1,7/23/2020,2,1935
14 008900030127,2,131500,0,7/23/2020,1,1945
14 005700250426,2,108700,75000,7/23/2020,1,1940
14 004900080311,2,180900,173900,7/23/2020,1,1965
14 004600050721,2,188300,241000,7/23/2020,2,2003
14 004000010226,2,86200,231000,7/23/2020,1,1945
14 001700090797,2,290300,340000,7/22/2020,2,1995
22 480011250519,2,292000,319130,7/22/2020,2,1999
22 373012384223,2,307000,335000,7/22/2020,2,2004
17 018200050686,2,505500,450000,7/22/2020,2,1999
17 014900041000,2,177900,0,7/22/2020,1,1950
17 010900181226,2,542400,0,7/22/2020,2,2000
17 0102 LL2040,2,0,811571,7/22/2020,2,2019
17 004700050202,2,613900,612000,7/22/2020,2,1948
17 0032 LL2938,2,194800,195000,7/22/2020,2,1967
14F014300020324,2,120000,223000,7/22/2020,2,1965
14 014100090671,2,94100,347500,7/22/2020,1,1985
14 014100030495,2,106100,0,7/22/2020,1,1939
14 014100030495,2,106100,0,7/22/2020,1,1939
14 002100040069,2,240000,245000,7/22/2020,1,1920
12 210204900690,2,322800,408000,7/21/2020,2,1960
17 022000010684,2,459000,370000,7/21/2020,2,1954
17 022000010684,2,459000,350000,7/21/2020,2,1954
17 011100110296,2,252200,267000,7/21/2020,1,1975
17 011100020644,2,249000,280000,7/21/2020,1,1948
17 010000110125,2,207300,222500,7/21/2020,1,1960
17 0034 LL2530,2,415500,1,7/21/2020,2,2017
14F004200020144,2,81300,127000,7/21/2020,1,1961
14 010500070537,2,122700,250000,7/21/2020,1,1930
14 008700070638,2,85200,90000,7/21/2020,1,1945
14 007900133667,2,399100,385000,7/21/2020,2,2007
14 007900132222,2,357800,0,7/21/2020,2,2007
14 004900342562,2,325100,375000,7/21/2020,2,1927
14 004800340377,2,439000,424000,7/21/2020,2,2001
14 002200010467,2,518600,584900,7/21/2020,2,1920
14 001900131078,2,422300,450000,7/21/2020,2,2001
14 004600131596,2,249400,0,7/20/2020,2,1994
17 026000020171,2,58000,170000,7/20/2020,1,1935
17 018700020015,2,335100,310000,7/20/2020,2,1945
17 018500070319,2,247000,215000,7/20/2020,2,1970
17 018500070319,2,247000,0,7/20/2020,2,1970
17 009700090157,2,257800,330000,7/20/2020,2,1972
17 004600030213,2,525000,570000,7/20/2020,2,1940
17 001800060800,2,198500,191000,7/20/2020,2,1985
17 000900042064,2,230000,370000,7/20/2020,2,1990
17 000900042064,2,230000,0,7/20/2020,2,1990
17 000800150389,2,236600,265000,7/20/2020,2,1987
17 000800150157,2,256600,294000,7/20/2020,2,1987
17 0007 LL1485,2,350000,1,7/20/2020,2,2002
14 016400020290,2,168200,245000,7/20/2020,2,1930
14 015200010790,2,118600,325000,7/20/2020,1,1945
14 008700070117,2,91200,38000,7/20/2020,1,1930
14 004900025589,2,669000,1200000,7/20/2020,3,2008
14F0077 LL0764,2,102900,10,7/18/2020,1,1959
12 145001822152,2,308700,325000,7/17/2020,2,2002
22 545011881198,2,390500,381225,7/17/2020,2,2019
22 482312691086,2,399100,515000,7/17/2020,2,2016
22 450212480322,2,149800,161400,7/17/2020,2,1985
17 022900010511,2,380000,155000,7/17/2020,1,1949
17 022900010511,2,380000,285000,7/17/2020,1,1949
17 018400060618,2,239700,237000,7/17/2020,2,1968
17 015200090431,2,274600,282500,7/17/2020,2,2000
17 014800050887,2,440100,500000,7/17/2020,2,2006
17 0148 LL1402,2,232000,267500,7/17/2020,2,2004
17 0147 LL1072,2,300500,303000,7/17/2020,2,2006
17 0147 LL0629,2,473300,355500,7/17/2020,1,1942
17 010700065470,2,538800,630000,7/17/2020,2,2007
17 010600280468,2,467500,0,7/17/2020,2,1988
17 0102 LL2164,2,0,904438,7/17/2020,2,2019
17 0102 LL2107,2,0,1216993,7/17/2020,2,2019
17 0102 LL1885,2,0,909913,7/17/2020,2,2019
17 010000042328,2,584100,624900,7/17/2020,2,2007
17 0062 LL2642,2,388100,380500,7/17/2020,2,2004
17 0034 LL0823,2,202200,275000,7/17/2020,2,1981
17 001000220196,2,248300,10,7/17/2020,2,1960
17 001000220121,2,248900,205000,7/17/2020,1,1960
17 001000080517,2,286100,280170,7/17/2020,2,1996
17 000500010081,2,338300,397000,7/17/2020,1,1946
17 000100070501,2,500000,0,7/17/2020,1,1930
14 024200031145,2,86100,0,7/17/2020,1,1961
14 018400120054,2,131900,320000,7/17/2020,1,1925
14 017300081226,2,103800,86500,7/17/2020,1,1964
14 014300020536,2,59900,82500,7/17/2020,1,1920
14 014100010075,2,119000,260000,7/17/2020,1,1940
14 013800060901,2,93900,140000,7/17/2020,1,1947
14 009400100329,2,104400,10,7/17/2020,1,1945
14 009400091791,2,112500,230000,7/17/2020,1,1949
14 007800130912,2,201300,205000,7/17/2020,2,1920
14 007200030696,2,62900,80000,7/17/2020,1,1952
14 004900081913,2,183100,217000,7/17/2020,1,1965
14 001800101924,2,292300,339000,7/17/2020,2,2001
14 001400100623,2,558200,10,7/17/2020,1,1930
12 268306740554,2,158000,198527,7/17/2020,2,1986
13 006400010419,2,62100,0,7/16/2020,1,1955
22 543010432501,2,162600,10,7/16/2020,2,1997
22 511010400901,2,187700,240000,7/16/2020,2,2003
17 011000023367,2,535000,545000,7/16/2020,2,2010
17 010600280468,2,467500,0,7/16/2020,2,1988
17 0102 LL2115,2,0,1448033,7/16/2020,2,2019
17 0102 LL1950,2,0,1493089,7/16/2020,2,2019
17 0052 LL1851,2,237600,249900,7/16/2020,2,1975
17 0052 LL1851,2,237600,249900,7/16/2020,2,1975
17 000200050270,2,689000,995000,7/16/2020,2,1932
14 016300130678,2,129500,180000,7/16/2020,1,1948
14 016300130082,2,76700,68000,7/16/2020,1,1957
14 015300030169,2,62900,225000,7/16/2020,1,1950
14 014500060332,2,83700,295000,7/16/2020,1,1939
14 014200120154,2,108700,108000,7/16/2020,1,1950
14 011600060220,2,182500,202000,7/16/2020,2,2018
14 010400010179,2,166400,195000,7/16/2020,1,1950
14 009500050333,2,105000,165500,7/16/2020,2,1940
14 008500020726,2,368900,460000,7/16/2020,2,1929
14 002400070295,2,212200,190000,7/16/2020,1,1960
14 002400070295,2,212200,299000,7/16/2020,1,1960
14 001700080046,2,1787000,0,7/16/2020,2,2005
08 140000451523,2,528200,721000,7/15/2020,2,2007
22 513311840421,2,161700,185000,7/15/2020,2,1985
17 019100071939,2,356900,423500,7/15/2020,2,2005
17 018500020082,2,788000,842500,7/15/2020,2,1940
17 0120 LL0463,2,2200000,3250000,7/15/2020,2,2003
17 011200021609,2,369500,357500,7/15/2020,2,2005
17 011000023714,2,637600,715000,7/15/2020,3,2010
17 011000021569,2,584600,675000,7/15/2020,2,2010
17 010700062444,2,394100,439900,7/15/2020,2,2006
17 004600050229,2,384100,492500,7/15/2020,1,1948
17 0032 LL4124,2,342800,0,7/15/2020,2,2012
17 0032 LL4124,2,342800,374000,7/15/2020,2,2012
14F0098 LL0074,2,81100,130000,7/15/2020,1,1970
14 021000010626,2,58300,10,7/15/2020,1,1950
14 017900050092,2,56100,0,7/15/2020,1,1950
14 016300140669,2,83300,58000,7/15/2020,1,1940
14 016300140669,2,83300,58000,7/15/2020,1,1940
14 015800030131,2,31300,70000,7/15/2020,2,1920
14 015800030131,2,31300,52500,7/15/2020,2,1920
14 013500030329,2,190100,159000,7/15/2020,1,1933
14 012100090220,2,120700,200000,7/15/2020,1,1927
14 009400030468,2,136800,110000,7/15/2020,2,1920
14 008100110331,2,512500,515000,7/15/2020,2,1900
14 0045 LL1254,2,319000,340000,7/15/2020,2,2006
14 004400031012,2,315300,359000,7/15/2020,2,2007
14 002300032049,2,281100,282000,7/15/2020,2,2005
14 002300020804,2,322600,320000,7/15/2020,2,2004
14 002200010111,2,408300,203000,7/15/2020,1,1920
14 001400090824,2,373900,440000,7/15/2020,1,1930
14 001200110376,2,309100,0,7/15/2020,1,1935
14 001200110376,2,309100,0,7/15/2020,1,1935
14 001200110376,2,309100,3400000,7/15/2020,1,1935
14 001200110301,2,384900,0,7/15/2020,1,1928
14 001200110301,2,384900,0,7/15/2020,1,1928
14 001200110301,2,384900,3400000,7/15/2020,1,1928
13 0124 LL0104,2,52300,155000,7/15/2020,1,1952
13 006400010419,2,62100,136000,7/15/2020,1,1955
06 036400030665,2,156200,164000,7/14/2020,1,1985
14 015600040165,2,143400,168500,7/14/2020,1,1910
14 013400070086,2,127200,10,7/14/2020,1,1948
14 011100040904,2,91300,76500,7/14/2020,2,1955
14 011100040904,2,91300,69000,7/14/2020,2,1955
14 004900341416,2,300400,320000,7/14/2020,2,2001
14 004900013403,2,300300,280900,7/14/2020,1,2005
14 004400021310,2,213000,205000,7/14/2020,1,1965
08 140000464195,2,423700,479900,7/14/2020,2,2016
12 184504000370,3,326600,0,19-Aug-20,2,1995
12 218305050414,3,169200,0,19-Aug-20,2,1983
14 016300170336,3,111900,22500,14-Aug-20,1,1960
14 018900051056,3,115700,0,6-Aug-20,1,1955
12 200404261589,3,371500,0,5-Aug-20,2,2002
14F002600030390,3,51000,0,5-Aug-20,1,1979
14 020900060376,3,117600,0,5-Aug-20,2,1963
14 013700010683,3,119500,0,5-Aug-20,2,1954
14 013700010683,3,119500,0,4-Aug-20,2,1954
14 021600030214,3,184300,63100,4-Aug-20,2,1960
14 021200030143,3,102200,98000,4-Aug-20,2,1980
14 021200030143,3,102200,80000,4-Aug-20,2,1980
14 015000050210,3,172500,415000,4-Aug-20,2,1930
14 014600010161,3,130900,161000,4-Aug-20,2,1960
12 200104250775,3,177400,0,3-Aug-20,1,1948
14F007100010107,3,245100,260000,3-Aug-20,2,1969
14F0047 LL0779,3,330000,1,3-Aug-20,2,2019
14F002600030895,3,42300,1,3-Aug-20,2,1983
14 017700170611,3,79000,75000,3-Aug-20,1,1950
12 211404910224,3,427000,478000,3-Aug-20,2,1984
12 200104250775,3,177400,750000,3-Aug-20,1,1948
12 190103871467,3,613400,607500,31-Jul-20,3,2018
14F006600040077,3,102100,123000,31-Jul-20,2,1967
14 0206 LL1671,3,118400,167000,31-Jul-20,2,2006
14 015800090317,3,155200,100000,31-Jul-20,1,1920
14 013400110155,3,170100,199000,31-Jul-20,2,1920
13 0193 LL0373,3,170000,198500,31-Jul-20,2,2006
13 0189 LL2490,3,174100,185000,31-Jul-20,2,2006
13 015800070030,3,26500,65900,31-Jul-20,2,1989
13 015800070030,3,26500,48000,31-Jul-20,2,1989
13 0133 LL5425,3,107800,125000,31-Jul-20,2,2008
13 009400020487,3,92000,55000,31-Jul-20,1,1966
13 0094 LL1256,3,150800,174637,31-Jul-20,2,2005
12 184104010142,3,406300,400000,30-Jul-20,2,1980
17 024800150181,3,105000,130000,30-Jul-20,2,1930
17 024800150181,3,105000,0,30-Jul-20,2,1930
17 010800071279,3,464600,410000,30-Jul-20,2,2005
17 0076 LL2364,3,164700,155000,30-Jul-20,2,1991
14 017500120238,3,106200,0,30-Jul-20,1,1950
14 016500050353,3,189800,10,30-Jul-20,2,1955
14 016500050353,3,189800,120000,30-Jul-20,2,1955
14 014900070295,3,142500,112100,30-Jul-20,2,1930
14 013300190281,3,184600,250000,30-Jul-20,1,1940
13 003500010308,3,87100,1,30-Jul-20,2,1965
13 003500010050,3,101300,1,30-Jul-20,2,1963
13 003300050223,3,81200,130000,30-Jul-20,2,1977
12 260006903616,3,276100,0,30-Jul-20,2,2014
12 248006521009,3,587500,0,30-Jul-20,4,2019
07 140001174449,3,147300,1,29-Jul-20,2,2005
22 540008282146,3,323900,315000,29-Jul-20,3,2005
17 011400060191,3,1079500,1750000,29-Jul-20,3,1987
17 008700030254,3,352500,470000,29-Jul-20,2,1958
17 008700030254,3,352500,0,29-Jul-20,2,1958
14 016300160097,3,143400,183000,29-Jul-20,1,1950
14 015800120395,3,149400,337500,29-Jul-20,1,1935
14 013800020160,3,315200,0,29-Jul-20,2,1945
14 013700010188,3,87200,118000,29-Jul-20,1,1960
14 001900160036,3,450300,577140,29-Jul-20,3,1993
14 001400110358,3,275400,287600,29-Jul-20,1,1928
14 001400110358,3,275400,287600,29-Jul-20,1,1928
13 0125 LL3586,3,126000,1,29-Jul-20,2,2006
12 236006042563,3,508500,593511,29-Jul-20,3,2019
12 201104240527,3,477200,482000,29-Jul-20,3,2019
12 195304360210,3,350100,400000,29-Jul-20,2,1975
12 195304360210,3,350100,0,29-Jul-20,2,1975
12 188403920745,3,370000,0,29-Jul-20,2,1995
13 009300022708,3,32800,28000,28-Jul-20,2,1970
22 496011244047,3,560200,0,28-Jul-20,3,2017
17 024600020816,3,70800,60500,28-Jul-20,1,1961
17 012600010143,3,360400,476000,28-Jul-20,3,1960
14F002600030432,3,42700,93000,28-Jul-20,2,1983
14F001700010450,3,93000,152000,28-Jul-20,1,1961
14 018500010155,3,139100,84000,28-Jul-20,2,1958
14 015300060505,3,100000,307000,28-Jul-20,1,1948
14 015100031078,3,115300,155000,28-Jul-20,2,1950
14 014200120899,3,85900,289500,28-Jul-20,1,1940
14 014100050766,3,119200,344500,28-Jul-20,2,1940
14 013300110222,3,166400,160000,28-Jul-20,1,1954
14 010200090827,3,131600,260000,28-Jul-20,2,1964
14 002200040324,3,535800,605000,28-Jul-20,2,1920
14 002200020722,3,478700,529900,28-Jul-20,3,2016
13 0132 LL2852,3,185900,166480,28-Jul-20,2,2019
13 009400040048,3,118900,137000,28-Jul-20,2,1966
09F280001215550,3,112400,126000,27-Jul-20,2,2004
22 542009733077,3,208200,247000,27-Jul-20,2,1997
22 513111940504,3,387800,388000,27-Jul-20,2,1997
21 572111250837,3,255800,335000,27-Jul-20,2,1989
17 025200050525,3,217400,313120,27-Jul-20,3,2019
17 007300050704,3,143300,195000,27-Jul-20,2,1964
17 005000030489,3,555200,580000,27-Jul-20,2,2015
14F0108 LL1187,3,160300,184900,27-Jul-20,2,2009
14F002500050076,3,133600,115000,27-Jul-20,2,1986
14 020900040154,3,196200,275000,27-Jul-20,1,1963
14 017100150106,3,70000,160000,27-Jul-20,1,1953
14 014800021000,3,133000,338000,27-Jul-20,2,1922
14 012100020664,3,111400,280000,27-Jul-20,1,1940
14 008000031579,3,558000,0,27-Jul-20,2,2002
14 008000031579,3,558000,705000,27-Jul-20,2,2002
14 005400090965,3,398600,380000,27-Jul-20,2,1986
14 004700111456,3,278800,321000,27-Jul-20,2,1987
14 004300060343,3,620100,650000,27-Jul-20,3,1920
14 002200070545,3,400000,445000,27-Jul-20,2,1930
14 001300101481,3,695000,699900,27-Jul-20,2,2018
13 009200040099,3,90600,100000,27-Jul-20,2,1967
12 307208760201,3,297400,349900,27-Jul-20,2,1977
12 184203980286,3,493900,487000,27-Jul-20,3,1985
14 007400030488,3,206200,0,25-Jul-20,2,2002
14 007400030488,3,206200,0,25-Jul-20,2,2002
09F130000582734,3,51400,160400,24-Jul-20,2,2019
22 466412720093,3,468700,468700,24-Jul-20,2,1990
17 025300070035,3,125100,305000,24-Jul-20,1,1945
17 025200100445,3,369000,532500,24-Jul-20,2,2015
17 025200100445,3,369000,0,24-Jul-20,2,2015
17 0229 LL4200,3,352700,466000,24-Jul-20,2,2012
17 0227 LL2057,3,304000,340000,24-Jul-20,2,2017
17 0221 LL5676,3,478600,607000,24-Jul-20,2,2019
17 015800010037,3,862800,930000,24-Jul-20,3,1960
17 010400060151,3,502200,0,24-Jul-20,2,1954
17 007100010205,3,440100,378691,24-Jul-20,1,1949
17 000900010616,3,713800,720000,24-Jul-20,3,1950
14F002500030581,3,40500,0,24-Jul-20,1,1973
14 023400020684,3,244100,1,24-Jul-20,2,2006
14 016400121254,3,320600,265300,24-Jul-20,2,1985
14 014700050067,3,96800,0,24-Jul-20,1,1960
14 014700050067,3,96800,218000,24-Jul-20,1,1960
14 013300030115,3,161500,215000,24-Jul-20,1,1920
14 012400130064,3,133800,173000,24-Jul-20,1,1955
14 011600010563,3,214900,325000,24-Jul-20,3,1948
14 009400050342,3,111600,208000,24-Jul-20,2,1961
14 007400030488,3,206200,189000,24-Jul-20,2,2002
14 006000010882,3,86400,28750,24-Jul-20,1,1957
14 006000010882,3,86400,86250,24-Jul-20,1,1957
14 004700061123,3,607500,604500,24-Jul-20,3,2018
14 004700061123,3,607500,604500,24-Jul-20,3,2018
14 001200080603,3,192000,551000,24-Jul-20,1,1940
13 0096 LL4274,3,165000,185000,24-Jul-20,2,2019
12 291007880859,3,374500,462500,24-Jul-20,2,2008
12 242205810776,3,217200,315000,24-Jul-20,2,1972
12 179303710518,3,321200,0,24-Jul-20,2,1965
11 038201330336,3,248300,290000,24-Jul-20,2,1987
11 038201330211,3,254200,258000,24-Jul-20,2,1987
09F180400680059,3,77600,144000,24-Jul-20,1,1900
09F070000262673,3,140800,160000,23-Jul-20,2,2005
22 526009703685,3,308900,300000,23-Jul-20,2,2008
22 498612660316,3,344100,390000,23-Jul-20,3,1990
22 498612660316,3,344100,0,23-Jul-20,3,1990
22 482112510155,3,230000,385000,23-Jul-20,2,1964
22 482112510155,3,230000,0,23-Jul-20,2,1964
22 482112510155,3,230000,365000,23-Jul-20,2,1964
22 334212280181,3,434400,475000,23-Jul-20,2,1975
17 019700011038,3,618000,676000,23-Jul-20,2,1930
17 0157 LL0386,3,551200,500000,23-Jul-20,2,1959
17 015600040325,3,895000,1405000,23-Jul-20,4,1954
17 014600040294,3,756600,705000,23-Jul-20,2,1939
17 0116 LL0261,3,865300,0,23-Jul-20,2,1940
17 006900030231,3,402900,520000,23-Jul-20,2,1955
14F0046 LL0267,3,286900,455000,23-Jul-20,3,1925
14F0046 LL0127,3,130000,0,23-Jul-20,2,1940
14 0245 LL0536,3,139100,1,23-Jul-20,2,2005
14 021100040192,3,216200,245000,23-Jul-20,1,1940
14 017500120238,3,106200,197000,23-Jul-20,1,1950
14 016900030245,3,118600,137000,23-Jul-20,1,1945
14 016900030245,3,118600,125000,23-Jul-20,1,1945
14 015600010424,3,162000,131100,23-Jul-20,2,2006
14 015200020427,3,161600,172000,23-Jul-20,2,1950
14 013200160145,3,121200,254500,23-Jul-20,1,1965
14 010500070503,3,209160,299000,23-Jul-20,2,1925
14 009300030766,3,55000,40000,23-Jul-20,1,1960
14 006700010349,3,70800,75000,23-Jul-20,1,1956
12 228305630230,3,173500,0,23-Jul-20,3,1983
12 200304520290,3,292600,409000,23-Jul-20,2,1969
12 200204510631,3,224000,0,23-Jul-20,2,1968
12 200204510631,3,224000,220000,23-Jul-20,2,1968
12 200204510631,3,224000,200000,23-Jul-20,2,1968
12 169203030109,3,293500,0,23-Jul-20,2,1970
12 169203030109,3,293500,420000,23-Jul-20,2,1970
11 048501870196,3,236900,267500,23-Jul-20,3,1994
09F130000412973,3,51200,163400,23-Jul-20,2,2019
09F220900870592,3,53900,65000,22-Jul-20,1,1955
22 512011212790,3,216400,0,22-Jul-20,2,2001
22 512011212790,3,216400,258500,22-Jul-20,2,2001
17 0256 LL2176,3,321200,379000,22-Jul-20,3,2015
17 0229 LL2782,3,549600,545000,22-Jul-20,3,2006
17 0211 LL1610,3,476100,500000,22-Jul-20,4,2008
17 012600020332,3,415100,517500,22-Jul-20,2,1959
17 008500010274,3,343500,315000,22-Jul-20,2,1966
17 006500090494,3,531500,1,22-Jul-20,2,1960
17 005100080293,3,972100,1184000,22-Jul-20,3,1940
14 024000040395,3,90700,138000,22-Jul-20,1,1960
14 022300050346,3,163100,130000,22-Jul-20,3,1960
14 019500020137,3,66500,130600,22-Jul-20,2,1948
14 013000050223,3,297800,254400,22-Jul-20,2,2006
14 010500100185,3,107300,359000,22-Jul-20,1,1920
14 008700061116,3,72700,106000,22-Jul-20,1,1930
14 004800030267,3,641400,715000,22-Jul-20,2,1920
14 003500050070,3,73500,65000,22-Jul-20,1,1972
14 003400020629,3,56000,83000,22-Jul-20,1,1960
14 001600060478,3,673800,720000,22-Jul-20,2,1930
13 016100030195,3,96100,0,22-Jul-20,2,1986
12 191404150221,3,229600,725000,22-Jul-20,3,2018
12 165103170102,3,283100,2000,22-Jul-20,2,1950
12 137300450066,3,273200,565000,22-Jul-20,2,1985
11 054002311417,3,313700,287500,22-Jul-20,3,2004
09F090400511313,3,163800,0,21-Jul-20,2,2001
17 025700030886,3,95500,130000,21-Jul-20,1,1960
17 025200060524,3,420400,564500,21-Jul-20,2,2017
17 025200050608,3,216800,321360,21-Jul-20,3,2019
17 0229 LL4176,3,386100,475000,21-Jul-20,4,2012
17 0211 LL1990,3,538700,515000,21-Jul-20,3,2014
17 004700040237,3,608700,674900,21-Jul-20,2,1954
14F010500020197,3,139300,0,21-Jul-20,2,1980
14F009000020160,3,204200,0,21-Jul-20,2,1995
14 014000031478,3,257300,325000,21-Jul-20,3,1920
14 013900030663,3,201400,320000,21-Jul-20,2,1929
14 011900060268,3,102400,450000,21-Jul-20,1,1920
14 011500070386,3,159300,330000,21-Jul-20,3,1925
14 002000070083,3,315300,506000,21-Jul-20,2,1920
13 012700010232,3,121300,125000,21-Jul-20,2,1975
13 0002 LL1547,3,119500,176900,21-Jul-20,2,2019
12 275007600284,3,541800,442688,21-Jul-20,3,1985
11 083002861394,3,234300,282000,21-Jul-20,2,2005
09F350001512171,3,148500,0,21-Jul-20,2,2005
09F350001502461,3,153100,0,21-Jul-20,2,2005
09F180800730058,3,78000,79000,21-Jul-20,2,1971
09F310201441613,3,188300,210000,20-Jul-20,2,2004
17 010600100948,3,680400,950000,20-Jul-20,3,2001
17 009400051871,3,555400,710000,20-Jul-20,3,2018
17 009400051871,3,555400,0,20-Jul-20,3,2018
17 0091 LL2258,3,420100,469900,20-Jul-20,3,2005
17 0074 LL2317,3,215900,227000,20-Jul-20,2,1968
17 0073 LL2375,3,191300,213500,20-Jul-20,2,1971
17 006500080115,3,576100,615000,20-Jul-20,2,1955
17 006200070093,3,625900,888500,20-Jul-20,3,1986
14F0108 LL1526,3,226000,0,20-Jul-20,2,2015
14 023000060676,3,142800,178000,20-Jul-20,1,1960
14 019900030637,3,86200,99650,20-Jul-20,1,1956
14 019900030363,3,156600,185000,20-Jul-20,2,1956
14 019400050085,3,110000,1,20-Jul-20,2,1964
14 018900070726,3,156000,193000,20-Jul-20,2,1956
14 013800040242,3,135200,245000,20-Jul-20,1,1950
14 012100090204,3,140500,199900,20-Jul-20,1,1930
14 009800050173,3,238100,0,20-Jul-20,1,1940
14 008700050085,3,140100,158000,20-Jul-20,2,2004
14 005500040647,3,409200,405000,20-Jul-20,2,2005
14 005500040647,3,409200,0,20-Jul-20,2,2005
14 002000020542,3,574100,575000,20-Jul-20,2,2013
12 306808740282,3,280200,355000,20-Jul-20,2,1990
12 291007880628,3,403300,0,20-Jul-20,3,2005
12 199104280552,3,296500,0,20-Jul-20,1,1965
12 177203660312,3,345600,389000,20-Jul-20,2,1977
12 185003960485,4,436500,0,19-Aug-20,2,1970
12 194404390094,4,436400,525000,5-Aug-20,2,1981
12 207004701153,4,485000,475000,4-Aug-20,2,1997
12 135601130916,4,432600,475000,3-Aug-20,3,1992
17 0006 LL4282,4,540800,0,3-Aug-20,3,2013
14F0101 LL1473,4,273400,250000,3-Aug-20,3,2005
14 014800020507,4,42300,400000,3-Aug-20,3,1948
14 014700070107,4,121700,290000,3-Aug-20,2,1959
12 220305010703,4,342400,348000,3-Aug-20,2,1995
12 183103780184,4,264800,275000,3-Aug-20,2,1961
12 140201110086,4,371900,459000,31-Jul-20,2,1985
14 019600010293,4,151200,62500,31-Jul-20,2,1950
14 013000140065,4,267600,196000,31-Jul-20,2,1949
12 236005930685,4,401600,413400,31-Jul-20,3,2016
12 198404290154,4,439000,410000,31-Jul-20,2,1985
12 198404290154,4,439000,0,31-Jul-20,2,1985
12 195304360277,4,361900,440000,31-Jul-20,3,1976
12 190103871285,4,572500,720000,31-Jul-20,3,2015
12 169403250499,4,385000,0,31-Jul-20,2,1988
12 156103060310,4,328200,0,31-Jul-20,2,1981
12 156103060310,4,328200,330000,31-Jul-20,2,1981
12 153202500437,4,448800,0,31-Jul-20,4,1986
12 140101180163,4,310100,577000,30-Jul-20,2,1970
14F0036 LL0525,4,263300,285000,30-Jul-20,3,2004
14 020800100793,4,36000,70000,30-Jul-20,1,1950
14 015900030205,4,481300,640000,30-Jul-20,3,2018
14 013700060027,4,81000,0,30-Jul-20,2,1937
13 0162 LL1485,4,178200,198000,30-Jul-20,2,2006
12 198104480139,4,315200,343000,30-Jul-20,2,1965
12 158102620276,4,542700,605000,30-Jul-20,3,1994
12 158102620276,4,542700,0,30-Jul-20,3,1994
09F400001625067,4,295100,1,29-Jul-20,4,2006
22 539007573760,4,286300,334900,29-Jul-20,3,2013
21 570111660203,4,453500,476000,29-Jul-20,2,1992
14 024000050220,4,112200,220000,29-Jul-20,1,1959
14 018400120419,4,153000,104000,29-Jul-20,2,1940
13 0062 LL1346,4,111400,1,29-Jul-20,2,2003
12 159002400884,4,565700,810000,29-Jul-20,3,2001
12 228105620068,4,183600,265000,28-Jul-20,2,1979
22 540008290644,4,531900,0,28-Jul-20,4,1997
17 010900020028,4,1050200,1572000,28-Jul-20,3,1925
17 007900010124,4,500000,590000,28-Jul-20,4,1979
17 005100100182,4,679000,1025000,28-Jul-20,4,1990
17 000100110240,4,746600,865000,28-Jul-20,2,1920
14F0073 LL0958,4,216200,245000,28-Jul-20,3,2008
14 012400120412,4,296200,410000,28-Jul-20,2,1940
12 266007122130,4,383500,452000,28-Jul-20,3,2017
11 021400250257,4,748700,950000,27-Jul-20,4,1993
22 527010422471,4,249500,143000,27-Jul-20,2,2008
22 511010492098,4,573100,605000,27-Jul-20,3,2018
21 575111620651,4,434800,480000,27-Jul-20,3,1994
17 013100040192,4,465400,475000,27-Jul-20,3,1965
17 009500040048,4,565500,0,27-Jul-20,3,1945
17 007100070480,4,586700,0,27-Jul-20,3,1999
17 007100070480,4,586700,650000,27-Jul-20,3,1999
17 003600010423,4,609800,841000,27-Jul-20,3,1964
14F0108 LL2045,4,237900,0,27-Jul-20,3,2009
14 021300020291,4,206100,1,27-Jul-20,3,1969
14 017400100157,4,232100,0,27-Jul-20,3,2003
14 016300120638,4,138700,184000,27-Jul-20,2,1955
14 011400050306,4,105800,0,27-Jul-20,2,1968
13 0156 LL2713,4,191000,205000,27-Jul-20,3,2008
12 215005170336,4,366200,0,27-Jul-20,2,1968
12 215005170336,4,366200,0,27-Jul-20,2,1968
11 027201161999,4,325800,425000,27-Jul-20,2,1991
11 035101270703,4,423000,549900,24-Jul-20,3,1996
22 511010501799,4,540000,650000,24-Jul-20,3,2014
22 497011810233,4,323400,0,24-Jul-20,2,1997
22 485003170401,4,395700,309000,24-Jul-20,3,1998
22 406003791020,4,761100,1770000,24-Jul-20,4,2018
22 399110650512,4,566100,576000,24-Jul-20,3,1992
22 353008530351,4,568900,632500,24-Jul-20,4,2001
21 562211700013,4,898900,0,24-Jul-20,3,1998
17 015600020475,4,673300,800000,24-Jul-20,3,1950
17 009000011812,4,612800,0,24-Jul-20,3,2018
17 009000011812,4,612800,0,24-Jul-20,3,2018
17 005300080309,4,619600,0,24-Jul-20,2,1923
17 002000020164,4,429200,645000,24-Jul-20,3,1992
17 000500060128,4,462200,436000,24-Jul-20,2,1948
14F0158 LL3539,4,213700,210000,24-Jul-20,2,2005
14 024200031046,4,106900,129221,24-Jul-20,2,1969
14 011800070144,4,213400,229500,24-Jul-20,2,1920
14 005700010192,4,78000,88000,24-Jul-20,2,1930
14 001200070570,4,540200,731500,24-Jul-20,3,2015
12 201104240535,4,540800,499900,24-Jul-20,4,2019
12 174303590549,4,416400,440000,24-Jul-20,2,1988
12 174303590549,4,416400,0,24-Jul-20,2,1988
12 135600401276,4,560000,552000,24-Jul-20,3,1989
11 121104510343,4,422900,486000,24-Jul-20,4,1991
11 100003591059,4,302200,339000,24-Jul-20,3,2008
11 057502401646,4,324700,357500,24-Jul-20,2,1994
11 004100542165,4,464300,475000,23-Jul-20,2,1989
22 539007583124,4,438600,529000,23-Jul-20,3,2006
22 479010350767,4,705600,764500,23-Jul-20,3,2000
22 332011490621,4,892200,1000000,23-Jul-20,4,2001
22 331110100503,4,646500,550000,23-Jul-20,4,1999
21 559112380168,4,605900,0,23-Jul-20,3,1986
17 025300050052,4,389400,382000,23-Jul-20,2,2003
17 023000031399,4,382500,0,23-Jul-20,2,2000
17 0227 LL0978,4,325800,442000,23-Jul-20,2,2015
17 0213 LL0073,4,2680200,1740000,23-Jul-20,5,1990
17 015700030366,4,783600,980000,23-Jul-20,3,1956
17 014300050023,4,1300000,1180000,23-Jul-20,4,1994
17 013700030783,4,1154400,1640000,23-Jul-20,4,1995
17 008700060186,4,388500,532600,23-Jul-20,3,1967
14F0157 LL4454,4,289100,270000,23-Jul-20,3,2003
14F014300030315,4,102200,1,23-Jul-20,2,1967
14 016700030171,4,195300,0,23-Jul-20,2,1958
14 009400070712,4,183000,286500,23-Jul-20,3,1960
12 220205000101,4,286800,336000,23-Jul-20,2,1971
12 186003940741,4,335000,385500,23-Jul-20,2,1995
12 179103710692,4,263000,1068000,23-Jul-20,2,1960
12 176003541177,4,466600,510000,23-Jul-20,3,2004
11 008300150596,4,290000,327000,23-Jul-20,2,1993
11 065202691788,4,382400,428000,22-Jul-20,3,1993
21 578012610441,4,720000,630000,22-Jul-20,5,1995
17 016800030132,4,497500,585000,22-Jul-20,2,1965
17 014900041190,4,500000,10,22-Jul-20,3,2004
17 014900041190,4,500000,10,22-Jul-20,3,2004
17 012400010087,4,721300,1220000,22-Jul-20,2,2019
17 004800021558,4,660000,564900,22-Jul-20,3,2017
14F0002 LL4089,4,302400,334000,22-Jul-20,4,2007
14 024200031038,4,163500,202227,22-Jul-20,3,1969
14 007300040058,4,238100,275000,22-Jul-20,2,2000
14 002100070249,4,549700,0,22-Jul-20,2,1920
14 001300111100,4,552800,545000,22-Jul-20,4,2019
12 296107780248,4,396300,10,22-Jul-20,3,1980
12 296107780248,4,396300,10,22-Jul-20,3,1980
12 288107930279,4,286800,298000,22-Jul-20,2,1983
11 092003420985,4,443100,483000,22-Jul-20,4,2005
09F200200910900,4,210500,0,21-Jul-20,3,2019
22 482212522126,4,897500,795000,21-Jul-20,4,2018
22 339011570724,4,409700,450000,21-Jul-20,3,2000
22 339011570724,4,409700,0,21-Jul-20,3,2000
17 0218 LL0169,4,1084900,1400000,21-Jul-20,5,1951
17 0218 LL0169,4,1084900,0,21-Jul-20,5,1951
17 016100010073,4,621000,714000,21-Jul-20,2,1957
17 006000050089,4,1022700,0,21-Jul-20,3,2002
17 0032 LL5170,4,486200,560000,21-Jul-20,2,2013
17 000200130213,4,1575000,2152500,21-Jul-20,3,2010
14F0147 LL0497,4,164400,0,21-Jul-20,2,2008
14F0140 LL0098,4,191400,0,21-Jul-20,2,2008
14 020000020163,4,178300,0,21-Jul-20,3,1955
14 011900060250,4,76500,205002,21-Jul-20,1,1920
14 011900060250,4,76500,170000,21-Jul-20,1,1920
14 001300080511,4,548900,602500,21-Jul-20,2,2003
13 0067 LL2067,4,150600,185000,21-Jul-20,3,2004
12 295107800345,4,473400,565000,21-Jul-20,3,1987
12 186303940078,4,295800,0,21-Jul-20,2,1995
12 182403770259,4,352400,311000,21-Jul-20,2,1984
09F280001123911,4,179100,195000,21-Jul-20,2,2003
09F200200910918,4,212600,0,21-Jul-20,3,2019
09F220100991842,4,151900,207000,20-Jul-20,3,2002
22 373112830620,4,398500,400000,20-Jul-20,3,1994
22 354109250261,4,625700,0,20-Jul-20,3,1992
17 0229 LL3293,4,419400,445000,20-Jul-20,3,2010
17 0178 LL1264,4,863900,0,20-Jul-20,3,1954
17 012400010244,4,737600,1090000,20-Jul-20,3,2013
17 010100060345,4,1207100,1800000,20-Jul-20,3,2014
17 009300061269,4,636000,0,20-Jul-20,3,1958
17 001300030113,4,976600,836250,20-Jul-20,3,1964
14F0155 LL0710,4,272800,344990,20-Jul-20,3,2017
14F0104 LL1819,4,284300,350000,20-Jul-20,3,2005
14F0090 LL1187,4,232400,235000,20-Jul-20,2,2002
14 017700010114,4,36300,80000,20-Jul-20,2,1940
14 005800020638,4,158000,1,20-Jul-20,2,1930
14 001100050458,4,406000,858000,20-Jul-20,3,2019
12 288107930279,4,286800,270000,20-Jul-20,2,1983
12 255306660353,4,363400,305000,20-Jul-20,2,1983
12 198404290154,4,439000,0,20-Jul-20,2,1985
11 004000403575,4,739200,768000,20-Jul-20,4,2012
09F290001144007,4,227900,295900,20-Jul-20,2,2019
22 451001920320,4,626100,650000,19-Jul-20,4,2013
14 000800050750,4,165200,10,18-Jul-20,2,2005
06 035100030066,4,673500,1250000,17-Jul-20,3,1982
22 507007510579,4,703400,585000,17-Jul-20,4,2007
22 505006070652,4,717100,910900,17-Jul-20,4,2018
22 465011770392,4,455400,515000,17-Jul-20,2,1995
22 450112730180,4,322300,315000,17-Jul-20,3,1975
22 359112850049,4,417200,515000,17-Jul-20,2,1993
17 018400040198,4,743800,816000,17-Jul-20,3,1952
17 016200010049,4,1725100,0,17-Jul-20,4,2008
17 010200050261,4,603200,0,17-Jul-20,1,1925
17 009400030818,4,1070130,987500,17-Jul-20,4,2017
17 0073 LL3084,4,447600,0,17-Jul-20,4,2007
17 003600030322,4,543200,1300000,17-Jul-20,3,1964
17 003600030322,4,543200,0,17-Jul-20,3,1964
17 0014 LL1452,4,1071100,1190000,17-Jul-20,4,2005
17 000300080102,4,918600,915000,17-Jul-20,3,1927
14 011500050222,4,35000,0,17-Jul-20,2,1945
14 010500090790,4,285500,380000,17-Jul-20,2,1930
14 004300020891,4,575600,591000,17-Jul-20,4,2014
13 009200050403,4,113100,0,17-Jul-20,3,1971
12 266007122205,4,501900,0,17-Jul-20,3,2017
12 256106670030,4,343900,387000,17-Jul-20,2,1988
12 228105410379,4,219600,0,17-Jul-20,2,1978
12 228105410379,4,219600,260000,17-Jul-20,2,1978
12 210204900427,4,256400,215800,17-Jul-20,2,1969
12 174303590606,4,448800,485000,17-Jul-20,3,1986
12 135601141426,4,546200,0,17-Jul-20,4,1989
12 135601141426,4,546200,595000,17-Jul-20,4,1989
11 117104301238,4,351400,355000,17-Jul-20,2,1993
11 110103690511,4,452500,545000,17-Jul-20,3,1993
11 108003852397,4,555600,630000,17-Jul-20,3,2019
11 065202360137,4,323700,295000,17-Jul-20,2,1988
11 056402010366,4,332800,375000,17-Jul-20,2,1991
11 006500360437,4,491300,588000,17-Jul-20,3,1989
09F280001116915,4,139200,166000,17-Jul-20,2,2005
09F161500760298,4,96500,0,16-Jul-20,2,1966
22 387012401712,4,475000,515000,16-Jul-20,3,2005
22 359112850049,4,417200,0,16-Jul-20,2,1993
22 352312870248,4,454000,530000,16-Jul-20,3,1993
17 018000010211,4,1113400,850000,16-Jul-20,4,1954
14F0002 LL0624,4,219600,235000,16-Jul-20,2,2006
14 013200090318,4,27900,32000,16-Jul-20,2,1955
14 011500050222,4,35000,0,16-Jul-20,2,1945
14 010600140065,4,128100,260000,16-Jul-20,2,1920
13 0191 LL0235,4,185200,0,16-Jul-20,3,2006
12 214305150155,4,301600,292000,16-Jul-20,2,1986
11 103200410271,4,630600,0,16-Jul-20,3,1991
11 103200410271,4,630600,729000,16-Jul-20,3,1991
11 059102220483,4,364000,450000,16-Jul-20,2,1987
11 030001001472,4,620000,0,16-Jul-20,4,1997
11 005200100473,4,289800,289800,15-Jul-20,2,1993
21 575311640608,4,390600,520000,15-Jul-20,3,1996
21 561111190036,4,834300,860000,15-Jul-20,4,1995
17 0227 LL3170,4,252800,367500,15-Jul-20,3,2019
17 0141 LL1045,4,2406500,3450000,15-Jul-20,3,2006
17 010100160335,4,663900,0,15-Jul-20,2,1953
17 005400010057,4,743800,5100000,15-Jul-20,3,2019
17 005000030364,4,517900,555000,15-Jul-20,3,2015
17 001300020122,4,1263100,1390000,15-Jul-20,4,1959
17 000100011125,4,1150000,1400000,15-Jul-20,2,2007
14F0129 LL0622,4,310500,0,15-Jul-20,3,2001
14 009400070712,4,183000,102000,15-Jul-20,3,1960
14 005400090999,4,391400,550000,15-Jul-20,2,1961
14 002200020144,4,515500,590000,15-Jul-20,2,1928
14 002000100427,4,403900,10,15-Jul-20,1,1920
12 317009230817,4,562100,557500,15-Jul-20,4,2011
12 315409010482,4,397600,450000,15-Jul-20,2,1987
12 291107880072,4,374800,366000,15-Jul-20,2,1980
12 255306660106,4,402700,379900,15-Jul-20,2,1981
12 236005931592,4,501900,0,15-Jul-20,3,2018
12 167103210045,4,523500,665000,15-Jul-20,3,1993
12 160302660565,4,380400,535000,15-Jul-20,3,1992
12 145001894995,4,313800,0,15-Jul-20,2,2012
11 025101220170,4,471300,0,15-Jul-20,3,1995
11 016100790552,4,350700,391000,15-Jul-20,2,1994
11 008300150281,4,376700,301500,15-Jul-20,2,1993
11 005200100473,4,289800,0,15-Jul-20,2,1993
12 160002670633,5,565100,570000,3-Aug-20,4,2012
14 015100030302,5,142300,415000,3-Aug-20,1,1930
12 152002030496,5,458700,625000,31-Jul-20,4,2015
13 0156 LL3638,5,221700,200000,30-Jul-20,4,2008
13 0126 LL1670,5,178900,1,29-Jul-20,3,2008
17 013700040139,5,1296000,0,29-Jul-20,5,2005
12 168103060273,5,528600,640000,28-Jul-20,2,1970
22 494109790575,5,1079500,0,28-Jul-20,5,2005
17 012600080237,5,631400,0,28-Jul-20,4,1989
14F0075 LL0717,5,351600,0,28-Jul-20,4,2006
13 0133 LL2315,5,136900,146500,28-Jul-20,2,2006
21 576112590133,5,606500,684000,27-Jul-20,4,1993
11 063000160171,5,631900,789900,24-Jul-20,4,2019
22 496111100149,5,407400,0,24-Jul-20,3,1995
22 463010330706,5,920700,0,24-Jul-20,4,2003
22 358011631492,5,429200,540000,24-Jul-20,4,1999
17 0202 LL0779,5,1713400,1750000,24-Jul-20,5,1984
17 006500080271,5,1488000,1615000,24-Jul-20,5,2014
17 006000070749,5,716000,881000,24-Jul-20,4,1938
17 006000070749,5,716000,0,24-Jul-20,4,1938
14F0002 LL1143,5,241100,285000,24-Jul-20,2,2007
14 0148 LL0120,5,470500,483000,24-Jul-20,5,1948
13 0193 LL3955,5,232600,247000,24-Jul-20,3,2016
12 300008621004,5,700000,823000,24-Jul-20,4,1999
17 000800070124,5,1178600,850000,23-Jul-20,3,1954
22 540007581605,5,522700,10,23-Jul-20,3,1998
22 383009930441,5,1115300,1150000,23-Jul-20,5,2005
22 336010030304,5,978300,1020000,23-Jul-20,5,2018
17 009300022162,5,720000,800000,23-Jul-20,4,2008
11 057502401505,5,318200,10,22-Jul-20,2,1993
22 448011290942,5,1096300,789000,22-Jul-20,5,2017
11 074000250391,5,1107800,1265000,22-Jul-20,5,2000
11 028200950515,5,555300,0,21-Jul-20,4,1993
14F0002 LL6118,5,320800,321000,21-Jul-20,4,2007
14 014100050212,5,169200,392900,21-Jul-20,3,1951
12 177003521359,5,696000,770000,21-Jul-20,4,2004
11 081103030372,5,484400,547000,21-Jul-20,4,1993
11 028200950515,5,555300,581000,21-Jul-20,4,1993
11 110003890526,5,477200,430000,20-Jul-20,4,1997
22 420002360729,5,773800,845000,20-Jul-20,4,2017
22 358011631005,5,438900,607500,20-Jul-20,4,1998
17 014500010868,5,1171000,1450000,20-Jul-20,4,1995
17 006500010963,5,862000,780000,20-Jul-20,4,2011
17 000200090425,5,1202600,2600000,20-Jul-20,4,2015
14 019600031026,5,177900,0,20-Jul-20,3,1997
14 019600031026,5,177900,279000,20-Jul-20,3,1997
12 277007640716,5,933600,715000,20-Jul-20,4,2019
12 266007121777,5,555000,547000,20-Jul-20,4,2016
11 122104750061,5,829400,1150000,20-Jul-20,4,1992
11 010400270092,5,1085300,1334000,17-Jul-20,5,1995
21 564010530708,5,451600,600000,17-Jul-20,4,1998
17 021500010061,5,688200,415000,17-Jul-20,3,1965
17 018000040119,5,1373600,1475000,17-Jul-20,3,1965
17 017100020245,5,641300,580000,17-Jul-20,2,1971
17 016400040028,5,1347200,1311000,17-Jul-20,5,1989
17 0135 LL0466,5,2122800,0,17-Jul-20,5,2013
17 0092 LL0582,5,1126900,0,17-Jul-20,4,2000
17 006300020287,5,985200,1615000,17-Jul-20,5,2014
14 014900060684,5,265500,320000,17-Jul-20,2,1930
12 303008671953,5,565400,538000,17-Jul-20,4,2003
12 207004701161,5,617900,615000,17-Jul-20,4,1999
12 172102970607,5,479800,607500,17-Jul-20,3,1993
12 164303130115,5,662400,755000,17-Jul-20,5,1990
11 108003951819,5,783900,805000,17-Jul-20,4,2017
11 060002080472,5,879400,910000,17-Jul-20,6,2011
12 141001190146,5,840000,899000,16-Jul-20,4,1974
22 537006841675,5,575000,680000,16-Jul-20,4,2000
21 562011840464,5,1105900,1450000,16-Jul-20,5,1999
14F0072 LL0736,5,250000,268500,16-Jul-20,3,2006
11 134005130566,5,375000,0,15-Jul-20,4,1999
22 423104540727,5,695900,797000,15-Jul-20,4,2000
22 407004850518,5,760000,765000,15-Jul-20,5,2000
21 569211230271,5,534400,585000,15-Jul-20,4,1994
21 562011700254,5,836300,820000,15-Jul-20,4,1998
17 0256 LL1012,5,406500,1,15-Jul-20,3,2008
17 012000020197,5,1056700,1835000,15-Jul-20,5,1959
17 0117 LL1078,5,2126600,2662500,15-Jul-20,6,2016
12 158202630076,5,506900,510000,15-Jul-20,3,1997
11 029200991525,5,591300,685000,14-Jul-20,4,1993
17 013900050078,5,4792000,8000000,14-Jul-20,6,2015
17 009500031641,5,775600,1277303,14-Jul-20,4,2019
17 0095 LL0027,5,1723000,0,14-Jul-20,4,2007
12 172003311240,5,543600,668000,14-Jul-20,3,2006
12 189304100692,5,997700,850000,13-Jul-20,4,2013
22 503004740202,5,413500,420000,13-Jul-20,3,1965
22 401012072504,5,690600,784000,13-Jul-20,4,2014
22 342009300609,5,304300,823023,13-Jul-20,5,2019
17 015300050053,5,980400,1295000,13-Jul-20,3,1940
17 013800010107,5,1751900,0,13-Jul-20,5,2018
17 013800010107,5,1751900,1705000,13-Jul-20,5,2018
14F0075 LL0964,5,384100,429000,13-Jul-20,4,2018
12 300008471020,5,604000,750000,13-Jul-20,4,1999
11 071402470197,5,434200,565000,10-Jul-20,3,1987
22 346112890075,5,481000,576751,10-Jul-20,3,1975
21 562011710592,5,936200,1230000,10-Jul-20,5,1998
17 015600020012,5,2168300,0,10-Jul-20,5,2008
17 015600020012,5,2168300,0,10-Jul-20,5,2008
17 002200020170,5,531200,985000,10-Jul-20,3,1966
14F0128 LL2066,5,278700,230800,10-Jul-20,4,2010
14 002400060916,5,381700,490000,10-Jul-20,3,2016
12 318108940223,5,545800,10,10-Jul-20,4,1992
14 0231 LL1530,5,252200,329999,9-Jul-20,3,2003
17 018200060107,5,837500,0,9-Jul-20,3,1963
17 0123 LL2128,5,779400,10,9-Jul-20,4,2017
06 0342 LL1144,5,600000,1,8-Jul-20,3,2001
17 0076 LL0194,5,612600,590000,8-Jul-20,4,2000
17 0076 LL0194,5,612600,590000,8-Jul-20,4,2000
17 005300030015,5,1497300,1750000,8-Jul-20,4,2019
09F310001434990,5,354800,313283,7-Jul-20,4,2007
22 466612490216,5,507700,0,7-Jul-20,3,1997
17 021900010224,5,2028400,1760000,7-Jul-20,5,2014
17 014200030208,5,1280100,1202535,7-Jul-20,3,1954
17 013800021237,5,944500,2730000,7-Jul-20,5,2019
17 001300040138,5,1606800,1675000,7-Jul-20,5,2004
14F0107 LL1253,5,246900,289500,7-Jul-20,4,2001
14F0038 LL1083,5,304800,0,7-Jul-20,3,2008
12 264507090287,5,370000,340000,7-Jul-20,2,1985
12 244205770141,5,531300,528400,7-Jul-20,3,1982
11 042101420254,5,817300,789000,7-Jul-20,4,1987
11 008000321547,5,570200,574725,7-Jul-20,4,2005
12 141301190028,5,999400,0,6-Jul-20,5,1995
22 401012072454,5,664300,745000,6-Jul-20,4,2014
17 005100100190,5,750000,969049,6-Jul-20,2,1990
14 014800040109,5,354700,360000,6-Jul-20,3,1948
12 248006520886,5,623600,715000,6-Jul-20,4,2019
12 264507090287,5,370000,0,5-Jul-20,2,1985
17 000100100696,5,1166400,1240000,3-Jul-20,4,2006
22 451001930485,5,675300,730000,3-Jul-20,4,2013
22 440005541059,5,1000000,0,3-Jul-20,4,2013
22 440005541059,5,1000000,855000,3-Jul-20,4,2013
17 005200070186,5,1122400,1445000,3-Jul-20,4,2012
11 071402570210,5,423400,0,2-Jul-20,3,1988
22 539007584973,5,454700,432000,2-Jul-20,4,2013
22 534003941129,5,1319000,1748790,2-Jul-20,5,2019
22 430009570469,5,1171100,1185000,2-Jul-20,4,2014
22 410007010544,5,639200,716830,2-Jul-20,4,2001
22 410007010544,5,639200,0,2-Jul-20,4,2001
22 397008470746,5,874600,965000,2-Jul-20,5,2001
22 392005590703,5,911600,1224525,2-Jul-20,5,2001
22 373012363011,5,470500,619000,2-Jul-20,4,1999
22 342009440330,5,671800,700000,2-Jul-20,4,2016
21 570011870589,5,1040500,0,2-Jul-20,4,1998
17 022000010932,5,1144300,1290402,2-Jul-20,4,2019
17 009500031682,5,774900,1204033,2-Jul-20,4,2019
14F006600060588,5,97600,120000,2-Jul-20,3,1979
14 014200170803,5,86600,78500,2-Jul-20,2,1953
11 080003061289,5,580000,0,2-Jul-20,4,2005
11 071402570210,5,423400,480000,2-Jul-20,3,1988
06 034200030019,5,792400,1,1-Jul-20,3,1984
11 004000072669,5,318900,0,1-Jul-20,3,1999
11 015000432208,5,780700,760000,1-Jul-20,4,2001
12 278107320829,5,655000,637500,1-Jul-20,4,1992
14 019600030119,5,131000,267000,1-Jul-20,3,1956
17 011000040874,5,2000000,3000000,1-Jul-20,5,2010
21 561111190119,5,960000,1846700,1-Jul-20,5,2017
21 566011680283,5,624100,795000,1-Jul-20,4,1997
21 573011651165,5,499100,466000,1-Jul-20,3,2004
22 437003361266,5,710000,745000,1-Jul-20,4,2001
